{
  "project_info": {
    "project_number": "964450814524",
    "firebase_url": "https://fcm-notificaciones-push.firebaseio.com",
    "project_id": "fcm-notificaciones-push",
    "storage_bucket": "fcm-notificaciones-push.appspot.com"
  },
  "client": [
    {
      "client_info": {
        "mobilesdk_app_id": "1:964450814524:android:441f0e8b6c2c9aa7",
        "android_client_info": {
          "package_name": "com.americanassist.afiliado"
        }
      },
      "oauth_client": [
        {
          "client_id": "964450814524-h71o6muf1rbm8u0c5vsesg8e3lt0u3lb.apps.googleusercontent.com",
          "client_type": 1,
          "android_info": {
            "package_name": "com.americanassist.afiliado",
            "certificate_hash": "767a0ccaa7e2f3345f9c148cb4bd30b07bcb7cad"
          }
        },
        {
          "client_id": "964450814524-jhhfdma9ibac7m12dj6fq9fo13eia1bg.apps.googleusercontent.com",
          "client_type": 3
        }
      ],
      "api_key": [
        {
          "current_key": "AIzaSyDxyd-McXBt4egnMfEmdIXB_RbN-cziji8"
        }
      ],
      "services": {
        "analytics_service": {
          "status": 1
        },
        "appinvite_service": {
          "status": 2,
          "other_platform_oauth_client": [
            {
              "client_id": "964450814524-jhhfdma9ibac7m12dj6fq9fo13eia1bg.apps.googleusercontent.com",
              "client_type": 3
            },
            {
              "client_id": "964450814524-ndg8cs0ev628sklafiishcad75i5p232.apps.googleusercontent.com",
              "client_type": 2,
              "ios_info": {
                "bundle_id": "com.wingzoft.PAM-Proveedores"
              }
            }
          ]
        },
        "ads_service": {
          "status": 2
        }
      }
    },
    {
      "client_info": {
        "mobilesdk_app_id": "1:964450814524:android:fc656916f994c91e",
        "android_client_info": {
          "package_name": "com.americanassist.proveedor"
        }
      },
      "oauth_client": [
        {
          "client_id": "964450814524-jhhfdma9ibac7m12dj6fq9fo13eia1bg.apps.googleusercontent.com",
          "client_type": 3
        }
      ],
      "api_key": [
        {
          "current_key": "AIzaSyDxyd-McXBt4egnMfEmdIXB_RbN-cziji8"
        }
      ],
      "services": {
        "analytics_service": {
          "status": 1
        },
        "appinvite_service": {
          "status": 1,
          "other_platform_oauth_client": []
        },
        "ads_service": {
          "status": 2
        }
      }
    },
    {
      "client_info": {
        "mobilesdk_app_id": "1:964450814524:android:53b980a741e0e5f9",
        "android_client_info": {
          "package_name": "com.americanassist.arriboproveedores.android"
        }
      },
      "oauth_client": [
        {
          "client_id": "964450814524-9fcic0bgb0nuccu1c91lfuqq0k1q62bo.apps.googleusercontent.com",
          "client_type": 1,
          "android_info": {
            "package_name": "com.americanassist.arriboproveedores.android",
            "certificate_hash": "cbb1525a95b85e8081e52ed7bd3cdf857f2eb90d"
          }
        },
        {
          "client_id": "964450814524-jhhfdma9ibac7m12dj6fq9fo13eia1bg.apps.googleusercontent.com",
          "client_type": 3
        }
      ],
      "api_key": [
        {
          "current_key": "AIzaSyDxyd-McXBt4egnMfEmdIXB_RbN-cziji8"
        }
      ],
      "services": {
        "analytics_service": {
          "status": 1
        },
        "appinvite_service": {
          "status": 2,
          "other_platform_oauth_client": [
            {
              "client_id": "964450814524-jhhfdma9ibac7m12dj6fq9fo13eia1bg.apps.googleusercontent.com",
              "client_type": 3
            },
            {
              "client_id": "964450814524-ndg8cs0ev628sklafiishcad75i5p232.apps.googleusercontent.com",
              "client_type": 2,
              "ios_info": {
                "bundle_id": "com.wingzoft.PAM-Proveedores"
              }
            }
          ]
        },
        "ads_service": {
          "status": 2
        }
      }
    }
  ],
  "configuration_version": "1"
}